,Name,SemGrep_Failures,SNYK_Issues
0,Minerop-latex-new-line-0.3.1.txt,"<testsuites disabled=""0"" errors=""0"" failures=""0"" tests=""0"" time=""0.0"">
",
1,glebv-vscode-open-in-stash-0.0.2.txt,"<testsuites disabled=""0"" errors=""0"" failures=""0"" tests=""0"" time=""0.0"">
","Tested 113 dependencies for known issues, found 14 issues, 89 vulnerable paths.
"
2,Thinker-sort-json-17.0.1.txt,"<testsuites disabled=""0"" errors=""0"" failures=""0"" tests=""0"" time=""0.0"">
",
3,TeodoroVIllanueva-php-live-server-0.0.1.txt,"<testsuites disabled=""0"" errors=""0"" failures=""0"" tests=""0"" time=""0.0"">
",
4,rbuckton-tsserver-live-reload-1.0.1.txt,"<testsuites disabled=""0"" errors=""0"" failures=""1"" tests=""1"" time=""0.0"">
",
5,rintoj-json-organizer-0.0.4.txt,"<testsuites disabled=""0"" errors=""0"" failures=""1"" tests=""1"" time=""0.0"">
","Tested 20 dependencies for known issues, found 4 issues, 4 vulnerable paths.
"
6,sallar-json-to-js-object-0.0.4.txt,"<testsuites disabled=""0"" errors=""0"" failures=""0"" tests=""0"" time=""0.0"">
",
7,vomout-latex-workshop-sanity-8.5.0.txt,"<testsuites disabled=""0"" errors=""0"" failures=""11"" tests=""11"" time=""0.0"">
","Tested 219 dependencies for known issues, found 17 issues, 19 vulnerable paths.
"
8,chenyang-cargo-doc-open-0.0.1.txt,"<testsuites disabled=""0"" errors=""0"" failures=""0"" tests=""0"" time=""0.0"">
",
9,jy-xlj-vscode-json-editor-0.2.4.txt,"<testsuites disabled=""0"" errors=""0"" failures=""6"" tests=""6"" time=""0.0"">
",
10,sabertazimi-latex-snippets-1.1.0.txt,"<testsuites disabled=""0"" errors=""0"" failures=""0"" tests=""0"" time=""0.0"">
",
11,HaikelFazzani-servino-1.0.4.txt,"<testsuites disabled=""0"" errors=""0"" failures=""3"" tests=""3"" time=""0.0"">
",
12,holazz-vsc-open-in-browser-0.0.6.txt,"<testsuites disabled=""0"" errors=""0"" failures=""0"" tests=""0"" time=""0.0"">
",
13,haringsbe-haringsrob-laravel-blade-livewire-lsp-1.2.1.txt,"<testsuites disabled=""0"" errors=""0"" failures=""0"" tests=""0"" time=""0.0"">
",
14,ysemeniuk-emmet-live-1.0.0.txt,"<testsuites disabled=""0"" errors=""0"" failures=""0"" tests=""0"" time=""0.0"">
",
15,lhl2617-latex-js-preview-0.0.4.txt,"<testsuites disabled=""0"" errors=""0"" failures=""0"" tests=""0"" time=""0.0"">
",
16,lostintangent-vsls-whiteboard-0.0.12.txt,"<testsuites disabled=""0"" errors=""0"" failures=""1"" tests=""1"" time=""0.0"">
",
17,milkmidi-easeserver-0.1.5.txt,"<testsuites disabled=""0"" errors=""0"" failures=""0"" tests=""0"" time=""0.0"">
","Tested 330 dependencies for known issues, found 42 issues, 243 vulnerable paths.
"
18,fabiospampinato-vscode-open-in-application-1.0.6.txt,"<testsuites disabled=""0"" errors=""0"" failures=""2"" tests=""2"" time=""0.0"">
","Tested 4 dependencies for known issues, found 9 issues, 9 vulnerable paths.
"
19,onatm-open-in-new-window-1.1.0.txt,"<testsuites disabled=""0"" errors=""0"" failures=""0"" tests=""0"" time=""0.0"">
",
20,ATheCoder-livescript-languageserver-1.0.0.txt,"<testsuites disabled=""0"" errors=""0"" failures=""0"" tests=""0"" time=""0.0"">
",
21,jlhs9ga34ga3f-open-in-ghe-0.1.3.txt,"<testsuites disabled=""0"" errors=""0"" failures=""0"" tests=""0"" time=""0.0"">
",
22,GryffindorIT-gryffin-server-1.0.0.txt,"<testsuites disabled=""0"" errors=""0"" failures=""0"" tests=""0"" time=""0.0"">
","Tested 311 dependencies for known issues, found 33 issues, 227 vulnerable paths.
"
23,PrimaFuture-open-php-html-js-in-browser-2.2.0.txt,"<testsuites disabled=""0"" errors=""0"" failures=""0"" tests=""0"" time=""0.0"">
",
24,raster-latex-comment-0.0.4.txt,"<testsuites disabled=""0"" errors=""0"" failures=""0"" tests=""0"" time=""0.0"">
",
25,Yongke-latex-wordcount-1.0.7.txt,"<testsuites disabled=""0"" errors=""0"" failures=""0"" tests=""0"" time=""0.0"">
",
26,Krypton24-exass-1.0.0.txt,"<testsuites disabled=""0"" errors=""0"" failures=""0"" tests=""0"" time=""0.0"">
",
27,JeffersonQin-latex-snippets-jeff-1.2.3.txt,"<testsuites disabled=""0"" errors=""0"" failures=""11"" tests=""11"" time=""0.0"">
",
28,naveenvignesh5nv-html-live-server-0.1.0.txt,"<testsuites disabled=""0"" errors=""0"" failures=""0"" tests=""0"" time=""0.0"">
","Tested 228 dependencies for known issues, found 16 issues, 43 vulnerable paths.
"
29,GlysisSoftware-GSLiveCoder-1.1.0.txt,"<testsuites disabled=""0"" errors=""0"" failures=""5"" tests=""5"" time=""0.0"">
","Tested 232 dependencies for known issues, found 6 issues, 27 vulnerable paths.
"
30,maltehei-latex-intellisense-1.1.0.txt,"<testsuites disabled=""0"" errors=""0"" failures=""0"" tests=""0"" time=""0.0"">
",
31,walkme-frontend-developers-pack-1.0.0.txt,"<testsuites disabled=""0"" errors=""0"" failures=""0"" tests=""0"" time=""0.0"">
",
32,fabiospampinato-vscode-open-in-github-1.3.0.txt,"<testsuites disabled=""0"" errors=""0"" failures=""6"" tests=""6"" time=""0.0"">
",
33,tecosaur-latex-utilities-0.4.10.txt,"<testsuites disabled=""0"" errors=""0"" failures=""0"" tests=""0"" time=""0.0"">
",
34,zhouzhipeng-LiveServerPP-5.7.1.txt,"<testsuites disabled=""0"" errors=""0"" failures=""10"" tests=""10"" time=""0.0"">
","Tested 230 dependencies for known issues, found 17 issues, 452 vulnerable paths.
"
35,Meezilla-json-0.1.2.txt,"<testsuites disabled=""0"" errors=""0"" failures=""0"" tests=""0"" time=""0.0"">
","Tested /Users/zta/Documents/EC521/src/unzipped/Meezilla-json-0.1.2 for known issues, found 2 issues, 2 vulnerable paths.
"
36,hdg-live-html-previewer-0.3.0.txt,"<testsuites disabled=""0"" errors=""0"" failures=""0"" tests=""0"" time=""0.0"">
",
37,local-smart-xvba-ribbon-1.0.4.txt,"<testsuites disabled=""0"" errors=""0"" failures=""0"" tests=""0"" time=""0.0"">
",
38,andyyaldoo-vscode-json-1.5.2.txt,"<testsuites disabled=""0"" errors=""0"" failures=""0"" tests=""0"" time=""0.0"">
",
39,yandeu-five-server-0.1.12.txt,"<testsuites disabled=""0"" errors=""0"" failures=""0"" tests=""0"" time=""0.0"">
",
40,lucasnorgaard-live-server-qr-0.0.2.txt,"<testsuites disabled=""0"" errors=""0"" failures=""0"" tests=""0"" time=""0.0"">
",
41,claudiobartoli-latex-songs-1.0.2.txt,"<testsuites disabled=""0"" errors=""0"" failures=""0"" tests=""0"" time=""0.0"">
",
42,gaogeek-proxy-0.1.4.txt,"<testsuites disabled=""0"" errors=""0"" failures=""3"" tests=""3"" time=""0.0"">
","Tested 167 dependencies for known issues, found 11 issues, 24 vulnerable paths.
"
43,AnkitSharma-open-in-azure-devops-v2-0.0.2.txt,"<testsuites disabled=""0"" errors=""0"" failures=""0"" tests=""0"" time=""0.0"">
",
44,torn4dom4n-latex-support-4.0.0.txt,"<testsuites disabled=""0"" errors=""0"" failures=""0"" tests=""0"" time=""0.0"">
",
45,glenn2223-live-sass-6.0.3.txt,"<testsuites disabled=""0"" errors=""0"" failures=""0"" tests=""0"" time=""0.0"">
",
46,HookyQR-beautify-1.5.0.txt,"<testsuites disabled=""0"" errors=""0"" failures=""3"" tests=""3"" time=""0.0"">
","Tested 32 dependencies for known issues, found 5 issues, 6 vulnerable paths.
"
47,osteele-p5-server-1.10.0.txt,"<testsuites disabled=""0"" errors=""0"" failures=""33"" tests=""33"" time=""0.0"">
","Tested 312 dependencies for known issues, found 13 issues, 24 vulnerable paths.
"
48,mathematic-vscode-latex-1.2.0.txt,"<testsuites disabled=""0"" errors=""0"" failures=""0"" tests=""0"" time=""0.0"">
",
49,Codedungeon-open-in-macdown-1.0.0.txt,"<testsuites disabled=""0"" errors=""0"" failures=""0"" tests=""0"" time=""0.0"">
",
50,hqjs-hq-live-server-0.0.11.txt,"<testsuites disabled=""0"" errors=""0"" failures=""4"" tests=""4"" time=""0.0"">
","Tested 1036 dependencies for known issues, found 41 issues, 1112 vulnerable paths.
"
51,supperchong-pretty-json-0.0.4.txt,"<testsuites disabled=""0"" errors=""0"" failures=""0"" tests=""0"" time=""0.0"">
",
52,datmt24-rapid-json-search-0.1.8.txt,"<testsuites disabled=""0"" errors=""0"" failures=""1"" tests=""1"" time=""0.0"">
",
53,doggy8088-quicktype-refresh-1.0.2.txt,"<testsuites disabled=""0"" errors=""0"" failures=""0"" tests=""0"" time=""0.0"">
",
54,richie5um2-vscode-statusbar-json-path-2.0.0.txt,"<testsuites disabled=""0"" errors=""0"" failures=""1"" tests=""1"" time=""0.0"">
",
55,BretDoyle-javascript-extensions-pack---js-essentials-0.0.2.txt,"<testsuites disabled=""0"" errors=""0"" failures=""0"" tests=""0"" time=""0.0"">
",
56,wycliffePepela-Live-Postman-1.0.1.txt,"<testsuites disabled=""0"" errors=""0"" failures=""11"" tests=""11"" time=""0.0"">
",
57,mjpvs-latex-previewer-0.9.0.txt,"<testsuites disabled=""0"" errors=""0"" failures=""7"" tests=""7"" time=""0.0"">
",
58,ritwickdey-LiveServer-5.7.9.txt,"<testsuites disabled=""0"" errors=""0"" failures=""0"" tests=""0"" time=""0.0"">
","Tested 274 dependencies for known issues, found 7 issues, 22 vulnerable paths.
"
59,sydeslyde-open-in-new-instance-1.2.1.txt,"<testsuites disabled=""0"" errors=""0"" failures=""0"" tests=""0"" time=""0.0"">
",
60,fabiospampinato-vscode-open-in-npm-1.0.4.txt,"<testsuites disabled=""0"" errors=""0"" failures=""2"" tests=""2"" time=""0.0"">
","Tested 10 dependencies for known issues, found 9 issues, 9 vulnerable paths.
"
61,smalike-proxy-0.1.0.txt,"<testsuites disabled=""0"" errors=""0"" failures=""3"" tests=""3"" time=""0.0"">
","Tested 261 dependencies for known issues, found 22 issues, 107 vulnerable paths.
"
62,yellpika-latex-input-1.0.0.txt,"<testsuites disabled=""0"" errors=""0"" failures=""0"" tests=""0"" time=""0.0"">
",
63,ziyasal-vscode-open-in-github-1.3.6.txt,"<testsuites disabled=""0"" errors=""0"" failures=""5"" tests=""5"" time=""0.0"">
","Tested 13 dependencies for known issues, found 10 issues, 10 vulnerable paths.
"
64,walkme-devops-extension-pack-1.0.0.txt,"<testsuites disabled=""0"" errors=""0"" failures=""0"" tests=""0"" time=""0.0"">
",
65,maltehei-latex-citations-1.3.0.txt,"<testsuites disabled=""0"" errors=""0"" failures=""8"" tests=""8"" time=""0.0"">
",
66,vthiery-prettify-selected-json-1.0.3.txt,"<testsuites disabled=""0"" errors=""0"" failures=""0"" tests=""0"" time=""0.0"">
",
67,khaeransori-json2csv-0.0.1.txt,"<testsuites disabled=""0"" errors=""0"" failures=""0"" tests=""0"" time=""0.0"">
","Tested 4 dependencies for known issues, found 3 issues, 4 vulnerable paths.
"
68,k-kuroguro-csv2latex-1.1.0.txt,"<testsuites disabled=""0"" errors=""0"" failures=""0"" tests=""0"" time=""0.0"">
",
69,ihuke-devServer-0.0.4.txt,"<testsuites disabled=""0"" errors=""0"" failures=""7"" tests=""7"" time=""0.0"">
","Tested 74 dependencies for known issues, found 24 issues, 46 vulnerable paths.
"
70,spacek33z-vscode-open-in-gitfork-1.0.3.txt,"<testsuites disabled=""0"" errors=""0"" failures=""0"" tests=""0"" time=""0.0"">
","Tested 2 dependencies for known issues, found 10 issues, 10 vulnerable paths.
"
71,hbenl-vscode-test-explorer-liveshare-1.0.5.txt,"<testsuites disabled=""0"" errors=""0"" failures=""0"" tests=""0"" time=""0.0"">
",
72,wraith13-open-in-github-desktop-1.4.3.txt,"<testsuites disabled=""0"" errors=""0"" failures=""0"" tests=""0"" time=""0.0"">
",
73,nidu-copy-json-path-0.3.0.txt,"<testsuites disabled=""0"" errors=""0"" failures=""1"" tests=""1"" time=""0.0"">
",
74,hoonoh-vscode-slonik-live-server-1.0.14.txt,"<testsuites disabled=""0"" errors=""0"" failures=""0"" tests=""0"" time=""0.0"">
",
75,while-prettify-0.0.3.txt,"<testsuites disabled=""0"" errors=""0"" failures=""2"" tests=""2"" time=""0.0"">
",
76,VesperisonTour-find-unreferenced-labels-latex-0.0.1.txt,"<testsuites disabled=""0"" errors=""0"" failures=""0"" tests=""0"" time=""0.0"">
",
77,m4dm0nk3y-checkoutheader-1.1.13.txt,"<testsuites disabled=""0"" errors=""0"" failures=""0"" tests=""0"" time=""0.0"">
","Tested 1 dependencies for known issues, found 2 issues, 2 vulnerable paths.
"
78,MS-vsliveshare-vsliveshare-1.0.5834.txt,"<testsuites disabled=""0"" errors=""0"" failures=""3"" tests=""3"" time=""0.0"">
","Tested 20 dependencies for known issues, found 1 issue, 1 vulnerable path.
"
79,notaus-lively-0.1.0.txt,"<testsuites disabled=""0"" errors=""0"" failures=""2"" tests=""2"" time=""0.0"">
","Tested 217 dependencies for known issues, found 28 issues, 65 vulnerable paths.
"
80,veracity-vscode-custom-ui-plugins-live-preview-0.0.14.txt,"<testsuites disabled=""0"" errors=""0"" failures=""11"" tests=""11"" time=""0.0"">
","Tested 376 dependencies for known issues, found 4 issues, 6 vulnerable paths.
"
81,axetroy-vscode-open-in-browser-1.0.0.txt,"<testsuites disabled=""0"" errors=""0"" failures=""0"" tests=""0"" time=""0.0"">
",
82,fabiospampinato-vscode-open-in-ship-1.0.3.txt,"<testsuites disabled=""0"" errors=""0"" failures=""4"" tests=""4"" time=""0.0"">
","Tested 13 dependencies for known issues, found 11 issues, 11 vulnerable paths.
"
83,maltehei-latex-acronyms-2.1.1.txt,"<testsuites disabled=""0"" errors=""0"" failures=""4"" tests=""4"" time=""0.0"">
",
84,CloudStudio-live-server-pro-0.0.1.txt,"<testsuites disabled=""0"" errors=""0"" failures=""0"" tests=""0"" time=""0.0"">
",
85,bnavetta-zoterolatex-0.4.1.txt,"<testsuites disabled=""0"" errors=""0"" failures=""0"" tests=""0"" time=""0.0"">
",
86,ms-vscode-live-server-0.5.2023030701.txt,"<testsuites disabled=""0"" errors=""0"" failures=""9"" tests=""9"" time=""0.0"">
",
87,Lw-lonely-latex-table-helper-1.0.0.txt,"<testsuites disabled=""0"" errors=""0"" failures=""0"" tests=""0"" time=""0.0"">
",
88,jeffalo-lived-0.4.5.txt,"<testsuites disabled=""0"" errors=""0"" failures=""3"" tests=""3"" time=""0.0"">
","Tested 161 dependencies for known issues, found 6 issues, 9 vulnerable paths.
"
89,ms-vscode-latex-1.0.0.txt,"<testsuites disabled=""0"" errors=""0"" failures=""0"" tests=""0"" time=""0.0"">
","Tested 1 dependencies for known issues, found 2 issues, 2 vulnerable paths.
"
90,SeyyedKhandon-zpack-2.1.1.txt,"<testsuites disabled=""0"" errors=""0"" failures=""0"" tests=""0"" time=""0.0"">
",
91,Gydunhn-web-design-essentials-0.6.0.txt,"<testsuites disabled=""0"" errors=""0"" failures=""0"" tests=""0"" time=""0.0"">
",
92,fvclaus-sort-json-array-3.1.0.txt,"<testsuites disabled=""0"" errors=""0"" failures=""9"" tests=""9"" time=""0.0"">
","Tested 21 dependencies for known issues, found 2 issues, 5 vulnerable paths.
"
93,genuitecllc-codetogether-2022.2.3.txt,"<testsuites disabled=""0"" errors=""0"" failures=""15"" tests=""15"" time=""0.0"">
",
94,rioj7-vscode-json-validate-1.4.3.txt,"<testsuites disabled=""0"" errors=""0"" failures=""2"" tests=""2"" time=""0.0"">
",
95,hirantha-json-to-dart-3.5.8.txt,"<testsuites disabled=""0"" errors=""0"" failures=""10"" tests=""10"" time=""0.0"">
","Tested 164 dependencies for known issues, found 7 issues, 14 vulnerable paths.
"
96,ritwickdey-live-sass-3.0.0.txt,"<testsuites disabled=""0"" errors=""0"" failures=""10"" tests=""10"" time=""0.0"">
",
97,jayongg-open-in-vs-0.0.19.txt,"<testsuites disabled=""0"" errors=""0"" failures=""0"" tests=""0"" time=""0.0"">
",
98,varomix-mixliveserver-0.0.1.txt,"<testsuites disabled=""0"" errors=""0"" failures=""0"" tests=""0"" time=""0.0"">
","Tested 95 dependencies for known issues, found 18 issues, 27 vulnerable paths.
"
99,tberman-json-schema-validator-0.1.0.txt,"<testsuites disabled=""0"" errors=""0"" failures=""0"" tests=""0"" time=""0.0"">
","Tested 87 dependencies for known issues, found 35 issues, 38 vulnerable paths.
"
100,FrederoxDev-cc-cosmic-1.0.1.txt,"<testsuites disabled=""0"" errors=""0"" failures=""0"" tests=""0"" time=""0.0"">
",
101,nickdemayo-vscode-json-editor-0.3.0.txt,"<testsuites disabled=""0"" errors=""0"" failures=""6"" tests=""6"" time=""0.0"">
",
102,uahnbu-lively-reload-0.1.2.txt,"<testsuites disabled=""0"" errors=""0"" failures=""2"" tests=""2"" time=""0.0"">
",
103,SeyyedKhandon-fpack-2.2.0.txt,"<testsuites disabled=""0"" errors=""0"" failures=""0"" tests=""0"" time=""0.0"">
",
104,morrislaptop-vscode-open-in-git-tower-0.6.0.txt,"<testsuites disabled=""0"" errors=""0"" failures=""1"" tests=""1"" time=""0.0"">
",
105,ZhishengYe-latexbuildbar-0.0.2.txt,"<testsuites disabled=""0"" errors=""0"" failures=""0"" tests=""0"" time=""0.0"">
",
106,VCaveman-open-in-web-1.0.1.txt,"<testsuites disabled=""0"" errors=""0"" failures=""0"" tests=""0"" time=""0.0"">
",
107,maltehei-latex-refs-1.1.0.txt,"<testsuites disabled=""0"" errors=""0"" failures=""4"" tests=""4"" time=""0.0"">
",
108,Skwal-math-to-image-0.1.0.txt,"<testsuites disabled=""0"" errors=""0"" failures=""0"" tests=""0"" time=""0.0"">
",
109,generalov-open-in-editor-vscode-1.0.1.txt,"<testsuites disabled=""0"" errors=""0"" failures=""0"" tests=""0"" time=""0.0"">
","Tested 16 dependencies for known issues, found 2 issues, 3 vulnerable paths.
"
110,nextfaze-json-parse-stringify-1.0.2.txt,"<testsuites disabled=""0"" errors=""0"" failures=""3"" tests=""3"" time=""0.0"">
","Tested 3 dependencies for known issues, found 1 issue, 1 vulnerable path.
"
111,treinaweb-tw-dev-server-1.0.1.txt,"<testsuites disabled=""0"" errors=""0"" failures=""0"" tests=""0"" time=""0.0"">
","Tested 240 dependencies for known issues, found 28 issues, 52 vulnerable paths.
"
112,AaronCarneiro-recommended-frontend-extensions-0.1.0.txt,"<testsuites disabled=""0"" errors=""0"" failures=""0"" tests=""0"" time=""0.0"">
",
113,weijunyu-vscode-json-path-2.4.0.txt,"<testsuites disabled=""0"" errors=""0"" failures=""0"" tests=""0"" time=""0.0"">
","Tested 19 dependencies for known issues, found 1 issue, 1 vulnerable path.
"
114,MS-vsliveshare-vsliveshare-audio-0.1.93.txt,"<testsuites disabled=""0"" errors=""0"" failures=""19"" tests=""19"" time=""0.0"">
","Tested 150 dependencies for known issues, found 14 issues, 23 vulnerable paths.
"
115,bhshawon-node-json-autocomplete-0.1.3.txt,"<testsuites disabled=""0"" errors=""0"" failures=""7"" tests=""7"" time=""0.0"">
","Tested 2 dependencies for known issues, found 7 issues, 7 vulnerable paths.
"
116,local-smart-excel-live-server-4.0.26.txt,"<testsuites disabled=""0"" errors=""0"" failures=""0"" tests=""0"" time=""0.0"">
",
117,manhen-latex-workshop-2-9.0.1.txt,"<testsuites disabled=""0"" errors=""0"" failures=""28"" tests=""28"" time=""0.0"">
",
118,igordvlpr-open-in-browser-1.0.2.txt,"<testsuites disabled=""0"" errors=""0"" failures=""4"" tests=""4"" time=""0.0"">
","Tested 8 dependencies for known issues, found 1 issue, 1 vulnerable path.
"
119,thebearingedge-livereload-server-0.2.6.txt,"<testsuites disabled=""0"" errors=""0"" failures=""0"" tests=""0"" time=""0.0"">
",
120,teddylun-json-utils-1.0.8.txt,"<testsuites disabled=""0"" errors=""0"" failures=""0"" tests=""0"" time=""0.0"">
",
121,negokaz-live-server-preview-0.1.4.txt,"<testsuites disabled=""0"" errors=""0"" failures=""0"" tests=""0"" time=""0.0"">
","Tested 229 dependencies for known issues, found 22 issues, 217 vulnerable paths.
"
122,gitduck-code-streaming-0.4.11.txt,"<testsuites disabled=""0"" errors=""0"" failures=""0"" tests=""0"" time=""0.0"">
",
123,profimedica-live-preview-0.0.3.txt,"<testsuites disabled=""0"" errors=""0"" failures=""6"" tests=""6"" time=""0.0"">
",
124,Orta-vscode-ts-markdown-to-playground-1.1.0.txt,"<testsuites disabled=""0"" errors=""0"" failures=""0"" tests=""0"" time=""0.0"">
",
125,zopu-open-in-other-group-0.1.0.txt,"<testsuites disabled=""0"" errors=""0"" failures=""0"" tests=""0"" time=""0.0"">
",
